Simulation,%_Obs_Direct_to_MDTF0x22,%_of_Fires_Focused_on_Enemy_Artillery0x22,ACE_Fusion_Expertise,ACE_Fusion_Personnel,ACE_Fusion_Technology,Average_Launch_and_Transit_Time,Crews_Available,ED_Expertise,ED_Personnel,ED_Technology,Frequencies_Per_Satellite,Ground_Control_Stations_Available,Initial_UAS,MDTF_Allocation,MDTF_PEF_Expertise,MDTF_PEF_Technology,NOISE_SEED,PE_Expertise,PE_Technology,PED_Personnel_Total,Satellites_Available,Enemy_AAA_Losses,Enemy_Anti_Aircraft,Enemy_Artillery,Enemy_Artillery_Losses,Friendly_UAS_Losses,HIMARS_Losses,Satellite_Losses,AAA_to_UAS_Loss_Ratio,Artillery_Loss_Ratio,ED_Overflow_Ratio,ED_Overwork,Enemy_AAA_Percent_Loss,Enemy_Artillery_Percent_Loss,HIMARS_Percent_Loss,MDTF_Overflow_Ratio,MDTF_PE_Limit,PE_Overflow_Ratio,PE_Overwork,Satellite_Percent_Loss,Total_Loss_Ratio,Total_Overflow_Ratio,UAS_Loss_Percent
24.5,0.00125,0.0625,2.0275,14.813,1.035,3.05,43.7,1.7275,4.2425,2.4925,1.27,31.9,48.275,0.01875,1.075,2.085,24.5,2.9125,1.545,33.963,7.685,40.213,9.7868,45.803,4.1965,19.25,19.917,6.2083,2.1857,0.21061,0.11417,0.00063249,80.426,8.3931,99.583,5.01E-07,1.4273,0.0030283,0,80.785,1.1427,0.1172,38.5
72.5,0.00375,0.7825,3.1525,17.938,1.785,3.47,37.1,1.3375,6.9725,2.8075,4.07,43.5,23.225,0.47875,2.855,2.615,24.5,3.3625,1.115,16.813,10.135,11.985,38.015,7.2516,42.748,39.917,17.396,7.8125,0.30046,2.4944,0.11491,1.10E-14,23.969,85.497,86.979,2.55E-07,60.092,0.23786,4.58E-16,77.084,0.95777,0.35277,79.833
120.5,0.00625,0.8175,1.8325,29.188,2.725,4.47,27.9,1.9225,9.8975,2.1325,3.09,37.7,48.125,0.48375,1.085,1.165,24.5,1.6825,1.995,11.387,9.435,7.9719,42.028,15.456,34.544,39.521,18.583,7.3958,0.20131,1.878,0.0060276,0,15.944,69.088,92.917,6.32E-06,6.9631,0.46334,5.79E-15,78.387,0.73281,0.46937,79.042
168.5,0.00875,0.0225,1.3825,19.813,2.665,4.19,28.7,2.8375,4.6325,2.3575,2.65,44.5,25.925,0.24625,1.945,2.765,24.5,3.0925,1.485,6.8375,12.725,47.702,2.2981,45.863,4.1367,33.563,19.938,10.292,1.4467,0.2088,0.015107,0,95.404,8.2734,99.688,8.02E-06,9.055,0.31145,0.030947,80.878,0.97725,0.32657,67.125
216.5,0.01125,0.6125,3.1975,15.188,2.705,2.73,47.9,3.9925,13.408,2.8975,1.75,46.3,38.825,0.14375,1.245,1.405,24.5,2.4475,2.865,6.1375,1.105,2.7529,47.247,45.508,4.4917,4.25,19.896,0.8125,0.68742,0.22656,0.00079629,0,5.5057,8.9833,99.479,1.17E-05,1.5433,0.0037483,0,73.529,0.28866,0.0045563,8.5
264.5,0.01375,0.8025,1.7725,25.688,1.715,2.39,30.1,1.8625,3.1375,3.7375,4.11,29.3,20.525,0.37625,2.885,2.875,24.5,2.5975,2.615,10.863,10.555,11.703,38.297,7.812,42.188,39.958,17.604,8.3125,0.29315,2.4378,0.31001,5.51E-14,23.406,84.376,88.021,6.08E-06,33.899,0.099561,3.44E-17,78.754,0.93985,0.40957,79.917
312.5,0.01625,0.0775,2.0725,29.563,2.715,4.27,11.7,2.8975,4.8275,1.9525,1.83,44.3,37.925,0.20875,2.245,2.015,24.5,1.2175,2.595,28.888,13.985,47.254,2.7459,28.344,21.656,19.854,19.5,11.25,2.599,1.1359,0.1049,0.0095579,94.508,43.312,97.5,6.69E-06,27.279,0.0095273,0,80.443,1.8314,0.11444,39.708
360.5,0.01875,0.3075,1.5325,16.563,1.225,3.89,15.3,1.8925,6.8425,2.5075,2.73,47.1,29.225,0.16625,2.315,1.455,24.5,2.8225,2.535,16.112,3.555,35.831,14.169,30.761,19.239,19.417,19.75,2.625,1.9189,0.9813,0.015101,5.67E-15,71.663,38.477,98.75,1.64E-05,9.0227,0.0041916,0,73.84,1.4114,0.019309,38.833
408.5,0.02125,0.1325,3.8425,21.813,1.095,5.03,46.5,3.5275,8.6625,2.4475,1.49,45.9,38.075,0.33625,1.385,2.975,24.5,1.8025,1.285,36.412,13.635,49.805,0.19489,6.9589,43.041,20.188,18.375,11.083,2.6101,2.3703,0.010886,0,99.61,86.082,91.875,7.53E-06,50.449,0.021292,5.22E-22,81.286,2.4645,0.032185,40.375
456.5,0.02375,0.7175,2.2675,5.0625,2.405,2.01,32.3,3.6175,10.938,2.7175,2.89,32.5,46.775,0.25625,1.705,1.935,24.5,3.8875,2.225,25.037,5.095,34.541,15.459,1.6126,48.387,33.104,14.479,4.125,1.0421,3.5062,0.005953,0,69.083,96.775,72.396,1.86E-05,21.167,0.0040984,0,80.962,1.7474,0.01007,66.208
504.5,0.02625,0.9475,2.3875,18.813,1.995,2.33,39.9,3.0475,4.7625,1.1575,3.33,43.3,30.575,0.34875,1.355,2.115,24.5,3.9625,2.745,33.088,6.425,3.0764,46.924,9.1136,40.886,37.792,17.479,5.2083,0.082479,2.3759,0.48448,1.53E-13,6.1527,81.773,87.396,2.22E-05,33.07,0.0042761,0,81.064,0.80229,0.48878,75.583
552.5,0.02875,0.2575,1.2625,23.563,1.255,3.83,19.7,3.2725,4.5675,3.6025,4.47,24.7,25.775,0.17125,2.025,1.605,24.5,3.9475,2.445,15.063,4.255,49.417,0.58343,9.9875,40.013,21.083,18.667,3.5625,2.4693,2.1756,0.018148,1.17E-21,98.833,80.025,93.333,7.67E-05,8.3836,0.0060896,0,83.725,2.2849,0.024314,42.167
600.5,0.03125,0.0525,1.6675,11.563,1.365,5.17,23.3,3.7675,13.082,3.5725,1.61,38.5,32.825,0.36375,1.185,1.865,24.5,3.7975,2.985,23.112,8.665,49.579,0.42068,32.479,17.521,16.292,19.729,6.5833,3.2168,0.89861,0.0032304,0,99.159,35.041,98.646,3.28E-05,18.58,0.0034915,0,75.976,1.8936,0.0067547,32.583
648.5,0.03375,0.4375,1.0675,7.9375,1.485,2.85,31.5,2.2375,5.5425,1.8325,1.15,25.3,29.975,0.08375,2.595,2.035,24.5,3.1825,2.355,8.5875,9.715,39.491,10.509,17.397,32.603,24.104,19.292,7.8958,1.6657,1.7047,0.08266,1.98E-11,78.983,65.206,96.458,0.00015733,3.798,0.0086771,0,81.275,1.6598,0.091494,48.208
696.5,0.03625,0.2525,1.1125,13.438,1.125,5.41,44.9,3.0775,14.967,1.5025,2.37,47.3,40.625,0.49875,2.125,1.955,24.5,2.5525,1.295,39.912,3.345,30.117,19.883,38.013,11.987,15.396,19.792,2.625,2.0676,0.61082,0.0047203,0,60.234,23.975,98.958,5.87E-06,82.698,0.0051271,0,78.475,1.192,0.0098533,30.792
744.5,0.03875,0.7875,3.4675,25.313,2.185,3.25,22.3,3.4075,2.0325,2.5225,3.89,38.7,22.925,0.08875,2.415,1.415,24.5,2.6875,2.555,19.438,14.195,12.105,37.895,9.4366,40.563,39.979,17.708,11.271,0.30301,2.3208,0.46693,3.03E-12,24.209,81.127,88.542,0.00027291,5.895,0.0083763,0,79.4,0.91602,0.47558,79.958
792.5,0.04125,0.3675,2.9275,28.563,2.025,4.67,30.9,3.1075,12.043,1.0675,3.73,17.3,31.625,0.04875,2.205,1.645,24.5,1.0075,2.835,11.738,13.705,49.904,0.096422,9.6665,40.334,28,18.25,10.958,1.8122,2.2341,0.016885,0,99.807,80.667,91.25,0.00099045,2.0755,0.10891,4.38E-15,79.959,1.9628,0.12679,56
840.5,0.04375,0.3775,3.9175,22.813,1.855,5.75,40.1,2.2525,2.4225,3.7225,4.45,32.3,43.475,0.29125,1.375,2.045,24.5,3.5425,1.235,37.112,6.145,43.544,6.4557,19.075,30.925,34.917,19.375,4.8333,1.2772,1.6073,0.3363,6.18E-11,87.089,61.849,96.875,5.94E-05,30.394,0.007743,0,78.655,1.3865,0.3441,69.833
888.5,0.04625,0.2675,2.4025,9.5625,2.355,3.97,12.3,2.0425,9.1825,3.6625,2.15,12.7,21.125,0.15375,1.865,2.855,24.5,3.3775,1.645,12.612,5.655,46.09,3.9101,18.155,31.845,19.542,19.208,4.4167,2.6183,1.6908,0.0070547,0,92.18,63.689,96.042,0.0001139,10.325,0.008842,0,78.102,2.0933,0.016011,39.083
936.5,0.04875,0.6925,3.3775,24.188,2.565,5.53,35.5,1.0975,13.668,1.3375,4.31,41.7,37.475,0.08625,1.095,1.175,24.5,2.3875,1.165,35.362,1.455,9.384,40.616,29.687,20.313,14.792,19.625,0.89583,0.66994,1.0467,0.015335,2.80E-09,18.768,40.627,98.125,0.00016273,3.9242,0.0027086,0,61.569,0.84616,0.018207,29.583
984.5,0.05125,0.4875,3.1675,27.563,1.275,2.75,45.1,2.0875,9.3775,2.6725,1.95,44.1,40.925,0.49375,2.405,2.735,24.5,3.2725,1.745,32.213,5.375,37.035,12.965,15.129,34.871,22.729,18.729,4.3333,1.7001,1.9016,0.0085273,0,74.069,69.742,93.646,1.24E-05,104.62,0.0047094,0,80.62,1.7478,0.013249,45.458
1032.5,0.05375,0.4225,3.0775,19.563,2.285,4.99,35.9,1.5925,5.2175,2.3725,1.11,42.9,26.675,0.15625,2.795,1.355,24.5,3.9775,2.875,24.513,13.775,47.463,2.5374,10.461,39.539,28.458,18.958,10.875,1.7259,2.1049,0.21168,0.00059025,94.925,79.078,94.792,0.00013331,14.505,0.0025329,0,78.947,1.8634,0.21435,56.917
1080.5,0.05625,0.3725,3.9325,9.0625,2.675,5.51,12.1,1.4425,2.2925,1.0825,4.09,16.1,36.425,0.12875,1.965,2.005,24.5,3.3925,1.905,32.563,5.445,14.093,35.907,41.844,8.1562,35.938,19.854,4.4375,0.39564,0.41243,0.72788,0.035308,28.185,16.312,99.271,0.00010679,16.517,0.0027022,0,81.497,0.39926,0.73069,71.875
1128.5,0.05875,0.3275,2.9425,12.313,1.005,4.05,16.9,3.0325,9.7025,1.7725,2.75,42.1,48.875,0.28875,1.435,2.635,24.5,3.5875,2.385,34.838,8.805,50,0,5.6921,44.308,21.104,18.021,6.7708,2.4451,2.4776,0.016731,2.37E-22,100,88.616,90.104,7.07E-05,38.037,0.0032397,0,76.898,2.4395,0.020041,42.208
1176.5,0.06125,0.4325,3.8575,23.188,1.465,4.11,36.5,3.0925,5.9325,3.2425,2.41,19.7,35.525,0.47125,1.055,2.295,24.5,2.7775,1.915,28.537,4.465,39.605,10.395,17.652,32.348,20.958,19.125,3.5625,1.9696,1.7053,0.0067187,0,79.209,64.696,95.625,5.36E-05,32.561,0.0050609,0,79.787,1.8206,0.011833,41.917
1224.5,0.06375,0.5025,1.0525,10.813,2.035,2.87,48.9,1.1575,6.4525,3.0475,1.73,47.5,40.775,0.02625,1.815,1.735,24.5,3.3325,1.705,33.612,3.905,22.812,27.188,27.089,22.911,18.375,19.771,2.7917,1.3381,1.1681,0.015125,4.07E-13,45.624,45.822,98.854,0.0004699,2.7785,0.0014922,0,71.49,1.2161,0.017087,36.75
1272.5,0.06625,0.9225,3.4375,7.6875,2.235,5.25,45.5,2.6725,12.888,3.2575,3.85,19.9,35.075,0.33875,2.395,1.775,24.5,2.1025,2.475,24.862,10.065,36.772,13.228,0,50,39.271,11.042,7.875,0.94107,4.7537,0.0059345,0,73.544,100,55.208,9.83E-05,35.804,0.008637,0,78.241,1.7306,0.01467,78.542
1320.5,0.06875,0.4625,1.9075,12.063,1.895,2.65,26.1,2.6425,8.3375,2.8825,4.35,39.5,49.475,0.31375,1.275,1.535,24.5,1.8775,1.265,18.038,9.225,47.78,2.2204,5.7497,44.25,35.958,17.521,7.1667,1.3391,2.5578,0.00667,0,95.559,88.501,87.604,0.00041826,11.076,0.21488,4.73E-16,77.687,1.7299,0.22197,71.917
1368.5,0.07125,0.1475,1.8025,20.438,2.105,5.71,24.5,2.2975,5.1525,3.1525,2.85,15.1,38.675,0.05125,1.365,2.145,24.5,3.5575,2.565,25.388,7.615,50,0,8.1201,41.88,15.896,18.729,6.1042,3.3104,2.2585,0.029095,3.48E-17,100,83.76,93.646,0.0011449,3.8096,0.0027461,0,80.16,2.6962,0.032986,31.792
1416.5,0.07375,0.2875,2.1175,27.938,1.935,3.41,38.7,2.7175,5.0225,2.7925,3.11,29.5,28.475,0.14125,2.555,2.365,24.5,3.6025,1.735,37.638,10.975,49.68,0.32045,6.9542,43.046,28.792,18.125,8.5,1.7537,2.3886,0.11009,5.99E-18,99.359,86.092,90.625,0.00016722,32.124,0.0041717,0,77.449,1.994,0.11443,57.583
1464.5,0.07625,0.3425,2.3425,19.438,2.585,2.41,17.3,2.4175,4.1775,3.3925,4.33,17.1,46.925,0.34375,1.505,2.375,24.5,3.7375,1.095,32.912,12.865,49.596,0.40358,10.892,39.108,25.042,18.583,10.229,2.0716,2.1259,0.093932,3.86E-15,99.193,78.216,92.917,0.00012442,40.439,0.0087961,0,79.512,2.0683,0.10285,50.083
1512.5,0.07875,0.9925,2.0425,25.438,1.045,4.43,10.3,2.3725,12.497,1.9075,4.55,41.1,27.725,0.03875,1.445,1.515,24.5,3.6475,2.295,26.963,4.045,5.0462,44.954,0.86339,49.137,34.75,14.313,3.375,0.13963,3.533,0.0071929,0,10.092,98.273,71.563,0.0020897,2.2872,0.0019124,0,83.436,1.1141,0.011195,69.5
1560.5,0.08125,0.8675,3.5125,25.563,2.515,5.63,11.1,2.3875,7.4275,3.4675,4.51,42.5,47.075,0.06125,2.255,2.055,24.5,3.7675,2.085,39.213,7.545,41.158,8.8424,0,50,34.583,15.063,5.8542,1.2033,3.3776,0.0068195,0,82.315,100,75.313,0.00029875,11.13,0.0014771,0,77.59,1.8517,0.0085953,69.167
1608.5,0.08375,0.6975,1.1275,20.313,1.345,4.91,32.5,1.0675,8.4675,2.5525,3.23,33.3,47.525,0.19375,1.605,2.835,24.5,1.2625,1.675,31.162,11.675,24.568,25.432,3.4808,46.519,39.771,15.167,9.125,0.62029,3.1697,0.27497,3.48E-15,49.136,93.038,75.833,0.00027197,27.473,0.042092,4.32E-20,78.158,1.3033,0.31734,79.542
1656.5,0.08625,0.1775,1.6375,28.688,1.295,4.85,15.1,3.7975,9.8325,1.9825,2.95,31.5,31.325,0.16375,2.175,2.315,24.5,1.3825,2.645,34.138,10.695,49.896,0.10354,8.6438,41.356,16.75,18.625,8.4167,3.1325,2.2415,0.0080121,0,99.793,82.712,93.125,0.00018724,28.146,0.0056277,0,78.697,2.6127,0.013827,33.5
1704.5,0.08875,0.8375,1.2175,15.063,1.595,2.57,41.3,1.3975,3.8525,1.6225,3.81,33.1,38.375,0.40875,1.785,1.625,24.5,1.4275,1.355,9.2875,11.465,6.369,43.631,18.012,31.988,39.958,18.854,9.2917,0.15948,1.7051,0.049742,2.92E-12,12.738,63.976,94.271,0.0008823,11.012,0.5866,7.43E-14,81.044,0.65298,0.63722,79.917
1752.5,0.09125,0.8525,1.9975,10.063,1.695,5.11,43.9,1.5325,2.7475,3.4075,4.85,28.9,46.475,0.39625,1.295,2.915,24.5,3.5725,2.435,21.362,8.315,11.23,38.77,4.4256,45.574,39.938,16.125,6.4375,0.28165,2.8919,0.4757,5.06E-11,22.46,91.149,80.625,0.00028057,31.954,0.0082979,0,77.42,1.0183,0.48428,79.875
1800.5,0.09375,0.7125,3.0925,7.0625,1.455,2.95,14.9,1.5775,6.6475,3.9175,2.35,13.5,48.575,0.23625,2.755,1.445,24.5,3.1525,2.995,36.938,4.185,26.441,23.559,8.7975,41.203,23.313,17.396,3.3958,1.0929,2.4635,0.0096219,0,52.882,82.405,86.979,0.00011649,34.74,0.0014186,0,81.143,1.6297,0.011157,46.625
1848.5,0.09625,0.3625,2.4475,15.563,2.795,5.57,38.9,2.2675,3.9825,3.1975,1.59,23.7,23.825,0.35625,2.955,2.745,24.5,1.2325,1.755,5.4375,5.235,21.493,28.507,37.654,12.346,19.688,19.896,4.1667,1.1508,0.62129,0.0035782,0,42.987,24.692,99.479,0.00020672,15.713,0.29493,0.033268,79.593,0.85374,0.29872,39.375
1896.5,0.09875,0.7475,3.2425,8.1875,2.415,4.89,14.1,1.5175,13.212,2.4175,3.45,45.5,27.575,0.14625,2.145,1.365,24.5,2.8075,1.935,15.413,11.885,46.035,3.9653,0,50,35.729,13.813,9.3125,1.2943,3.7154,0.011608,0,92.069,100,69.063,0.00099612,6.5998,0.0073509,0,78.355,1.9487,0.019955,71.458
1944.5,0.10125,0.2025,1.6225,6.4375,2.955,4.33,12.7,3.3625,5.0875,3.1375,4.41,21.7,28.175,0.05625,1.165,2.425,24.5,2.9275,2.955,18.737,8.105,50,0,9.9517,40.048,15.521,18.979,6.4167,3.4737,2.124,0.011173,0,100,80.097,94.896,0.0098649,2.9776,0.0035868,0,79.169,2.6609,0.024624,31.042
1992.5,0.10375,0.7325,2.8525,8.9375,2.975,3.95,47.5,3.7075,11.848,3.5575,3.91,23.1,37.625,0.36125,1.735,2.435,24.5,3.3025,2.255,26.612,6.985,47.052,2.9476,0,50,36.813,11.188,5.3125,1.287,4.6553,0.0042815,0,94.105,100,55.938,0.00023085,40.615,0.005529,0,76.056,2.0407,0.010041,73.625
2040.5,0.10625,0.0125,2.7925,7.3125,2.165,3.29,14.5,1.8025,7.6225,3.5425,3.19,40.3,44.975,0.18875,2.305,1.635,24.5,2.7025,1.085,19.788,13.145,50,0,42.844,7.1558,14.188,19.917,10.688,3.6956,0.3604,0.014953,0,100,14.312,99.583,0.00064312,14.076,0.017155,1.21E-21,81.305,1.6907,0.03275,28.375
2088.5,0.10875,0.8725,1.7425,5.1875,2.785,5.15,44.7,3.9775,2.8775,2.5675,2.81,43.1,36.275,0.31875,2.225,1.705,24.5,3.1075,2.945,30.112,2.785,11.398,38.602,7.1811,42.819,21.958,17.979,1.8542,0.4955,2.4285,0.0086549,0,22.796,85.638,89.896,9.97E-05,36.413,0.0012974,0,66.577,1.3593,0.010052,43.917
2136.5,0.11125,0.6725,1.4125,18.188,1.845,2.89,46.7,1.7425,2.8125,2.5975,4.49,39.7,23.075,0.40375,2.515,1.035,24.5,3.0775,2.485,39.037,8.175,21.446,28.554,6.8939,43.106,39.688,16.896,6.5417,0.5414,2.6192,0.50351,3.36E-12,42.892,86.212,84.479,0.0003231,41.027,0.0047266,0,80.02,1.146,0.50856,79.375
2184.5,0.11375,0.1875,3.4975,11.063,1.635,4.23,21.5,3.5875,10.353,3.2875,4.81,35.3,27.125,0.12625,2.455,1.425,24.5,3.4825,1.885,5.7875,3.765,49.608,0.39177,8.5257,41.474,19.854,18.792,2.6667,2.5721,2.2279,0.0038511,0,99.216,82.949,93.958,0.028941,2.5562,0.063144,8.20E-17,70.828,2.3856,0.095936,39.708
2232.5,0.11625,0.3325,1.6825,26.063,1.075,2.67,41.1,3.1675,10.418,2.6575,1.65,35.1,29.825,0.12375,1.195,2.275,24.5,1.6525,2.265,11.212,7.055,48.407,1.5927,11.299,38.701,17.458,18.833,5.625,3.01,2.0803,0.0046485,0,96.815,77.401,94.167,0.0041723,3.7722,0.015049,5.30E-23,79.731,2.4454,0.023869,34.917
2280.5,0.11875,0.2225,2.5825,23.688,1.175,3.81,19.9,2.4625,14.513,1.5925,2.47,10.1,49.325,0.27625,2.995,1.475,24.5,3.7825,1.725,17.688,3.205,36.088,13.912,32.822,17.178,13.354,19.646,2.5,2.8294,0.89166,0.0050779,0,72.176,34.356,98.229,0.00025363,21.585,0.0035941,0,78.003,1.6121,0.0089256,26.708
2328.5,0.12125,0.5125,3.7525,7.1875,1.265,2.99,33.5,3.3325,8.2075,1.4425,4.75,30.5,44.525,0.25125,1.545,2.195,24.5,3.1225,1.615,21.538,12.375,47.38,2.6202,1.6302,48.37,35.896,15.375,9.5625,1.3273,3.1994,0.074192,5.76E-19,94.76,96.74,76.875,0.00077016,18.351,0.01039,0,77.273,1.8717,0.085352,71.792
2376.5,0.12375,0.9125,2.8675,19.938,1.775,5.61,34.3,1.5475,3.4625,1.8775,2.57,43.7,45.425,0.32875,2.675,1.565,24.5,2.7325,1.555,25.563,10.765,7.1099,42.89,3.372,46.628,39.25,15.021,8.2292,0.18105,3.202,0.54484,8.79E-13,14.22,93.256,75.104,0.00046197,35.181,0.013496,0,76.444,0.99543,0.5588,78.5
2424.5,0.12625,0.2725,3.6175,27.188,2.545,5.79,32.1,2.8675,7.2325,2.2825,3.63,10.5,46.625,0.46125,2.115,1.185,24.5,2.7175,1.925,32.737,10.275,48.52,1.48,10.829,39.171,18,18.875,7.9375,3.0206,2.0915,0.0094254,0,97.04,78.343,94.375,0.00023633,37.845,0.0046086,0,77.251,2.4683,0.01427,36
2472.5,0.12875,0.3925,3.5575,28.438,2.365,5.49,47.1,1.9675,10.678,2.7475,1.09,19.5,37.775,0.40625,2.055,1.065,24.5,2.2075,2.585,12.087,1.245,2.5504,47.45,48.283,1.7172,2.125,19.875,0.875,1.3273,0.086763,0.0011336,0,5.1009,3.4344,99.375,0.00014977,10.747,0.0017964,0,70.281,0.18727,0.0030797,4.25
2520.5,0.13125,0.9275,1.7575,21.438,2.265,4.45,13.7,2.5375,9.2475,3.5275,3.13,12.1,20.675,0.43875,2.835,2.505,24.5,2.2675,2.195,14.188,1.875,5.3656,44.634,12.053,37.947,18.458,18.875,0.9375,0.27939,2.0482,0.0021842,0,10.731,75.894,94.375,9.90E-05,44.206,0.0048137,0,50,1.1701,0.0070968,36.917
2568.5,0.13375,0.3875,1.3675,18.688,2.575,5.37,36.3,3.2275,10.743,3.6475,1.43,36.1,27.275,0.02875,1.765,1.615,24.5,3.0475,2.135,23.813,6.705,41.573,8.4274,19.071,30.929,19.25,19.333,4.9792,2.2864,1.6189,0.0023699,0,83.145,61.858,96.667,0.022136,1.9515,0.0020438,0,74.261,1.9113,0.02655,38.5
2616.5,0.13625,0.1225,1.6075,26.563,1.415,2.17,40.9,1.6975,14.058,3.2275,1.41,46.9,42.875,0.46875,2.865,1.465,24.5,2.3125,2.825,22.587,2.925,23.834,26.166,46.073,3.9266,10.021,19.896,1.9167,2.721,0.19889,0.0018034,0,47.669,7.8533,99.479,8.12E-05,44.44,0.0018436,0,65.527,0.93622,0.0037282,20.042
2664.5,0.13875,0.7725,1.9525,12.938,2.945,2.77,10.1,2.3575,13.798,3.3625,3.61,15.9,35.225,0.33125,2.155,1.585,24.5,2.1775,1.055,8.0625,10.415,40.903,9.0966,0,50,37.417,16.521,8,1.1056,3.0509,0.0014425,0,81.807,100,82.604,0.0012475,9.1223,0.30457,3.14E-07,76.812,1.6938,0.30726,74.833
2712.5,0.14125,0.1575,1.4725,19.063,2.255,4.15,46.1,3.3025,14.773,2.0875,1.31,39.3,42.425,0.07375,1.405,2.205,24.5,1.7725,2.915,15.587,4.745,34.119,15.881,41.807,8.1933,11.625,19.833,3.7083,3.1077,0.41967,0.0021095,0,68.238,16.387,99.167,0.0019457,3.5614,0.0029678,0,78.152,1.3507,0.007023,23.25
2760.5,0.14375,0.2325,2.3575,29.063,1.585,2.97,19.3,1.1275,12.433,1.3975,4.93,41.9,40.175,0.29375,2.945,2.535,24.5,3.4675,1.435,5.2625,11.815,49.609,0.391,11.816,38.184,26.583,19.125,9.2083,1.9256,2.0086,0.02665,0.00057878,99.218,76.368,95.625,0.0018668,11.541,0.30993,0.0031813,77.938,1.9437,0.33845,53.167
2808.5,0.14625,0.2375,2.2975,17.188,2.005,4.59,24.1,3.9325,5.3475,2.1925,4.17,37.5,49.025,0.30125,1.725,2.565,24.5,3.6325,1.005,29.938,13.005,50,0,10.365,39.635,20.521,18.292,10.271,2.5861,2.1852,0.027252,6.04E-21,100,79.271,91.458,0.00049342,39.904,0.0098641,0,78.976,2.3457,0.037609,41.042
2856.5,0.14875,0.0675,3.3175,14.938,2.205,2.71,33.3,2.9725,8.0775,2.1175,2.39,26.9,24.575,0.26625,2.965,1.025,24.5,1.5325,2.605,19.962,6.495,50,0,9.5204,40.48,14.458,19.042,5.0208,3.8886,2.1511,0.011203,0,100,80.959,95.208,0.0009745,16.153,0.0097645,0,77.303,2.7641,0.021942,28.917
2904.5,0.15125,0.1975,1.5025,8.0625,1.735,3.19,44.3,2.9875,3.3975,3.0025,4.29,22.5,30.425,0.23125,1.675,2.775,24.5,1.3375,2.765,8.4125,14.055,50,0,11.49,38.51,24.833,18.646,11.146,2.0826,2.0891,0.014186,0,100,77.02,93.229,0.0042919,9.0424,0.22294,0.00027514,79.302,2.0545,0.24142,49.667
2952.5,0.15375,0.6875,1.1575,20.563,1.525,2.45,44.5,3.6775,11.197,3.4525,3.75,32.1,32.375,0.31125,1.775,2.165,24.5,3.7075,2.965,39.388,10.905,45.42,4.5795,0,50,38.167,10.313,8.3333,1.1944,5.061,0.0044587,0,90.841,100,51.563,0.00046024,47.111,0.0022048,0,76.418,1.9724,0.0071237,76.333
3000.5,0.15625,0.4975,1.3075,6.0625,1.725,2.55,14.3,3.2425,6.3225,2.8225,2.69,20.3,48.725,0.26875,1.905,2.545,24.5,2.5225,1.025,13.663,10.835,48.409,1.5912,2.6743,47.326,29.479,16.146,8.75,1.7011,2.9753,0.0063912,0,96.818,94.651,80.729,0.0010191,17.802,0.1072,4.59E-16,80.757,2.123,0.11461,58.958
3048.5,0.15875,0.6025,1.1725,14.063,2.275,3.27,29.5,2.1775,8.8575,1.9375,3.67,21.9,22.775,0.26125,2.645,1.125,24.5,2.0425,2.245,20.663,7.265,46.949,3.0508,0,50,35.854,12.188,5.6042,1.3153,4.2418,0.056129,5.30E-19,93.898,100,60.938,0.0015445,16.063,0.010662,0,77.139,2.0273,0.068336,71.708
3096.5,0.16125,0.8975,2.4625,11.438,2.555,4.87,24.9,1.3075,2.5525,2.7025,4.15,28.3,44.825,0.38125,2.695,2.935,24.5,3.5125,1.665,28.362,11.395,15.912,34.088,0.94345,49.057,39.896,13.688,9.0208,0.40021,3.6673,0.53388,1.17E-09,31.823,98.113,68.438,0.00031221,85.53,0.0072413,0,79.165,1.2176,0.54144,79.792
3144.5,0.16375,0.3475,1.0375,5.8125,2.595,3.37,21.1,1.2325,14.643,3.3025,3.37,13.7,32.675,0.30875,2.725,1.895,24.5,3.1675,1.225,12.962,10.625,49.672,0.32814,7.5503,42.45,18.979,18.063,8.5208,2.7937,2.3772,0.0079381,0,99.344,84.899,90.313,0.00091711,20.667,0.025537,2.19E-18,80.196,2.5437,0.034392,37.958
3192.5,0.16625,0.1425,1.5475,21.938,1.055,3.39,18.7,1.1125,12.173,1.8925,3.87,29.1,47.675,0.02125,1.305,2.805,24.5,2.6425,1.495,23.462,4.815,48.224,1.7763,16.974,33.026,24.063,19.229,3.6458,2.1338,1.7499,0.11965,0.0002439,96.447,66.052,96.146,0.093413,1.8251,0.0062349,0,75.718,1.9202,0.2193,48.125
3240.5,0.16875,0.1025,3.0175,25.813,2.325,3.17,13.1,1.3525,3.2025,1.5325,1.69,18.1,43.775,0.05875,1.345,2.415,24.5,1.1725,1.605,26.438,11.955,46.537,3.4633,29.333,20.667,27.833,19.667,9.2708,1.7459,1.0698,0.54888,0.11758,93.073,41.333,98.333,0.018837,5.0451,0.012489,0,77.548,1.4555,0.58021,55.667
3288.5,0.17125,0.1075,1.9675,18.938,2.985,4.73,15.9,1.4725,5.8025,3.3175,3.51,23.5,26.825,0.03125,2.355,1.575,24.5,1.4725,2.685,30.987,9.365,49.343,0.65711,11.734,38.266,17.75,18.75,7.3542,2.9494,2.0693,0.071244,0.0030717,98.686,76.532,93.75,0.051852,3.5918,0.0044838,0,78.528,2.4678,0.12758,35.5
3336.5,0.17375,0.4925,2.3125,28.063,2.455,4.79,34.5,2.0275,8.4025,1.8475,1.25,10.9,47.825,0.24875,1.565,2.715,24.5,2.4625,1.455,14.013,7.335,39.507,10.493,11.198,38.802,19.563,18.729,5.7292,2.1165,2.1027,0.0089102,0,79.013,77.603,93.646,0.00080136,14.81,0.0074683,0,78.107,2.0731,0.01718,39.125
3384.5,0.17625,0.2625,3.7075,14.188,2.045,2.37,25.1,1.2775,9.1175,2.5375,4.69,21.1,24.425,0.24125,2.935,1.505,24.5,1.0225,2.455,8.9375,10.485,49.972,0.028177,8.6343,41.366,27.708,18.5,8.4167,1.8415,2.2526,0.0071328,0,99.944,82.731,92.5,0.0071669,9.5242,0.32445,0.0017782,80.273,1.9928,0.33875,55.417
3432.5,0.17875,0.1275,1.9825,25.063,1.955,2.83,35.7,3.8575,14.188,2.5825,1.39,24.3,23.375,0.08125,1.205,1.105,24.5,2.4025,1.105,33.787,10.205,50,0,5.8238,44.176,16,18.333,8,3.3104,2.4369,0.0032347,0,100,88.352,91.667,0.047504,3.6553,0.0057009,0,78.393,2.784,0.05644,32
3480.5,0.18125,0.9825,3.8875,24.688,2.765,4.81,38.1,2.3125,4.3725,2.9575,2.91,18.7,20.825,0.18625,1.135,2.755,24.5,1.5475,2.325,7.7125,6.775,15.73,34.27,0,50,38.438,12.104,5.2292,0.41177,4.2747,0.013417,0,31.46,100,60.521,0.040261,4.4917,0.14323,1.07E-13,77.183,1.3053,0.19691,76.875
3528.5,0.18375,0.2475,3.2125,11.813,1.235,3.01,37.3,2.7475,3.0075,2.8525,2.05,32.7,26.375,0.11625,2.895,2.095,24.5,2.4775,1.775,20.487,1.665,18.355,31.645,43.992,6.0082,9.3958,19.917,0.9375,2.0623,0.30291,0.0045035,0,36.711,12.016,99.583,0.00039144,14.445,0.0014027,0,56.306,0.82778,0.0062976,18.792
3576.5,0.18625,0.0875,3.0475,13.938,1.825,4.53,23.9,3.4975,8.9875,3.2125,3.79,49.3,46.025,0.20375,1.995,1.265,24.5,1.8175,1.985,24.337,3.485,49.381,0.61891,14.698,35.302,13.271,19.021,2.6458,3.9595,1.8954,0.0036351,0,98.762,70.603,95.104,0.0016689,12.514,0.0054496,0,75.921,2.6785,0.010754,26.542
3624.5,0.18875,0.6475,2.7025,24.938,1.185,4.07,27.7,1.3675,13.992,2.1025,2.99,11.9,26.525,0.44625,2.085,2.225,24.5,1.7125,1.595,8.2375,14.895,44.646,5.3543,0.98759,49.012,34.75,15.875,11.521,1.3051,3.1441,0.0036711,0,89.291,98.025,79.375,0.0012888,17.053,0.28301,2.33E-06,77.347,1.8699,0.28797,69.5
3672.5,0.19125,0.0725,2.7775,8.8125,2.605,3.63,24.3,3.7825,12.237,1.7425,1.21,16.7,32.225,0.09375,2.335,1.975,24.5,1.9975,2.075,35.888,6.285,47.158,2.8425,38.471,11.53,11.875,19.75,5,4.6293,0.59082,0.0028336,0,94.315,23.059,98.75,0.00084102,15.516,0.0017399,0,79.555,1.9086,0.0054145,23.75
3720.5,0.19375,0.6225,1.0825,17.063,1.605,4.83,34.7,3.6325,5.2825,2.3125,2.01,30.3,39.275,0.04125,2.845,1.485,24.5,2.7625,1.145,15.237,12.655,44.476,5.5239,0.43374,49.566,37.333,14.083,9.7917,1.1989,3.5892,0.019253,1.86E-20,88.952,99.133,70.417,0.10399,2.6555,0.026467,9.86E-21,77.374,1.839,0.14971,74.667
3768.5,0.19625,0.8475,3.4525,9.8125,1.315,5.39,29.1,2.0575,3.2675,3.5125,3.97,41.5,34.625,0.39125,2.215,1.805,24.5,2.6275,1.975,27.487,11.185,40.937,9.0629,0,50,38.792,10,9.0417,1.0613,5.2912,0.17135,7.11E-17,81.874,100,50,0.00084332,42.997,0.0075026,0,80.837,1.8708,0.17969,77.583
3816.5,0.19875,0.8125,2.8825,8.4375,2.695,4.63,42.7,3.4525,12.952,1.7875,3.05,47.7,47.975,0.29625,1.855,1.085,24.5,1.1125,2.315,28.713,11.535,41.963,8.0371,0,50,38.042,8.8542,8.9167,1.1093,6.1084,0.0075025,0,83.926,100,44.271,0.0025264,17.12,0.017704,6.31E-23,77.301,1.9726,0.027733,76.083
3864.5,0.20125,0.6075,3.5725,17.563,2.335,4.93,36.1,1.4875,12.367,2.0725,2.19,26.1,33.575,0.28625,1.285,1.375,24.5,3.6925,1.575,35.537,11.045,47.447,2.553,0,50,34.229,11.708,8.875,1.3959,4.4676,0.039716,3.78E-20,94.894,100,58.542,0.0022379,17.974,0.0038193,0,80.353,2.1382,0.045774,68.458
3912.5,0.20375,0.2075,2.3725,27.063,2.245,2.21,40.5,3.6625,2.6825,1.3225,4.53,22.9,41.675,0.42625,1.555,1.145,24.5,1.5625,2.345,21.888,9.295,50,0,8.1346,41.865,25.229,18.646,7.2708,2.0458,2.2605,0.35893,3.72E-13,100,83.731,93.229,0.0029981,16.611,0.031102,2.02E-20,78.223,2.1203,0.39303,50.458
3960.5,0.20625,0.8425,3.3925,22.438,1.705,2.25,13.3,2.6275,9.4425,1.6075,3.03,31.3,41.825,0.15125,1.065,1.285,24.5,3.0625,2.785,36.763,14.965,46.474,3.5258,0,50,35.792,11.521,11.75,1.3075,4.611,0.013889,5.36E-23,92.948,100,57.604,0.0099618,7.6094,0.0016814,0,78.517,2.0536,0.025532,71.583
4008.5,0.20875,0.3825,2.8375,23.813,2.915,5.67,36.7,2.1925,9.5725,1.1125,4.87,30.9,22.625,0.28125,2.765,1.825,24.5,1.8325,2.975,27.838,2.155,38.517,11.483,20.94,29.06,14.396,19.188,1.75,2.8719,1.5401,0.020304,1.30E-15,77.035,58.12,95.938,0.0005524,39.508,0.0028685,0,81.206,2.0242,0.023725,28.792
4056.5,0.21125,0.6625,3.7375,20.938,1.425,5.69,17.1,3.8425,8.7925,2.3275,2.97,36.7,45.725,0.22875,2.445,1.015,24.5,3.9925,1.795,21.013,10.345,46.777,3.2235,0,50,33.917,12.354,8.1875,1.3902,4.1868,0.0054271,0,93.553,100,61.771,0.0033293,11.928,0.0037679,0,79.144,2.1057,0.012524,67.833
4104.5,0.21375,0.7225,2.1625,14.313,1.915,5.43,41.9,1.2175,6.9075,2.1625,3.29,14.7,49.175,0.14875,1.535,1.815,24.5,2.6125,1.415,16.987,6.845,46.54,3.4597,0,50,32.375,14.125,5.2292,1.4522,3.6109,0.12224,2.69E-13,93.081,100,70.625,0.011249,7.04,0.0080371,0,76.394,2.0925,0.14152,64.75
4152.5,0.21625,0.5325,1.4275,16.938,1.245,3.61,37.5,3.5425,8.7275,1.6975,1.77,23.9,25.025,0.03625,2.615,1.745,24.5,1.5775,1.835,17.862,3.065,18.306,31.694,29.303,20.697,13.958,19.625,2.4167,1.3893,1.0618,0.0029693,0,36.611,41.395,98.125,0.011146,2.9547,0.0032652,0,78.847,1.1517,0.017381,27.917
4200.5,0.21875,0.2975,2.3275,24.563,1.285,3.33,25.7,2.4925,6.3875,1.9975,3.55,13.9,36.725,0.17625,1.465,2.815,24.5,1.3675,1.125,38.162,14.125,50,0,9.7462,40.254,16.229,18.375,11.125,3.2979,2.2061,0.024556,9.34E-19,100,80.508,91.875,0.0012775,27.738,0.010768,0,78.761,2.6507,0.036602,32.458
4248.5,0.22125,0.0925,3.0625,8.3125,2.445,4.31,27.3,1.9825,11.522,2.4625,3.01,22.3,40.475,0.38875,1.425,2.785,24.5,1.6975,1.875,27.138,9.505,50,0,6.7424,43.258,14.417,18.146,7.5625,3.64,2.4182,0.0097783,0,100,86.515,90.729,0.00097433,41.868,0.012701,1.12E-23,79.563,2.9001,0.023454,28.833
4296.5,0.22375,0.6175,3.3475,6.6875,2.115,5.93,46.9,1.0375,13.473,1.9225,3.21,44.7,36.125,0.44875,2.655,2.135,24.5,1.9225,1.385,29.412,6.215,46.335,3.6652,0.13825,49.862,31.417,12.708,4.7292,1.5087,4.0577,0.059366,1.15E-17,92.67,99.724,63.542,0.00053354,74.817,0.016941,2.20E-22,76.093,2.2083,0.07684,62.833
4344.5,0.22625,0.3375,2.2075,28.813,2.805,4.37,16.5,2.9575,10.223,2.3425,3.07,43.9,46.325,0.09125,2.545,1.855,24.5,3.8575,2.895,26.263,5.515,49.978,0.022368,4.1579,45.842,17.542,17.521,4.25,3.0229,2.6459,0.0060124,0,99.955,91.684,87.604,0.0045472,11.314,0.0016175,0,77.063,2.7845,0.012177,35.083
4392.5,0.22875,0.5475,2.2825,26.313,1.325,3.53,40.7,3.2125,13.732,3.4225,4.71,25.7,40.025,0.00375,1.485,2.075,24.5,3.3175,2.185,32.037,13.565,39.454,10.546,4.6729,45.327,38.771,17.354,10.771,1.0228,2.6447,0.0036644,0,78.908,90.654,86.771,0.21114,0.3702,0.0024668,0,79.402,1.5175,0.21727,77.542
4440.5,0.23125,0.6675,3.1225,6.1875,2.485,5.65,14.7,2.8225,9.5075,3.8275,3.99,12.9,20.075,0.30625,2.005,1.155,24.5,1.0675,1.855,17.513,9.995,45.581,4.4189,0,50,31.438,14.521,7.6875,1.4731,3.5068,0.0029217,0,91.162,100,72.604,0.0027993,12.42,0.03154,1.61E-15,76.913,2.0993,0.037261,62.875
4488.5,0.23375,0.6275,1.8775,13.188,1.495,3.69,12.5,2.3425,7.7525,2.9875,2.79,24.1,47.375,0.42875,1.035,1.925,24.5,1.7425,1.275,20.313,1.735,15.9,34.1,24.023,25.977,13.354,19.417,0.97917,1.2188,1.3548,0.0021539,0,31.799,51.954,97.083,0.00065877,17.352,0.0048334,0,56.436,1.283,0.0076461,26.708
4536.5,0.23625,0.5825,2.9575,10.938,2.835,3.45,17.5,2.7925,3.7875,1.8625,2.31,15.5,24.725,0.20125,2.485,2.395,24.5,3.5275,2.855,12.263,9.645,47.254,2.7464,0.020681,49.979,31.458,13.667,7.5208,1.5397,3.7725,0.13875,1.11E-15,94.507,99.959,68.333,0.003312,14.688,0.004396,0,77.976,2.1829,0.14645,62.917
4584.5,0.23875,0.5225,2.1025,29.813,2.155,3.21,45.3,2.8075,10.613,3.4375,4.67,25.9,43.325,0.21125,1.175,2.215,24.5,1.5925,1.505,25.213,5.935,47.391,2.6094,0.89731,49.103,32.813,12.667,4.5833,1.4652,4.0161,0.0047388,0,94.781,98.205,63.333,0.0081143,13.862,0.019684,3.52E-22,77.226,2.1461,0.032537,65.625
4632.5,0.24125,0.9175,3.7225,26.938,2.475,4.51,25.5,2.6575,11.067,3.7075,1.99,46.5,41.075,0.49625,2.015,1.945,24.5,2.4175,2.275,37.463,6.005,39.661,10.339,0.43,49.57,29.542,13.063,4.9375,1.3367,4.0249,0.0025368,0,79.322,99.14,65.313,0.00039738,72.86,0.0027469,0,82.223,2.1177,0.0056811,59.083
4680.5,0.24375,0.9575,2.9125,27.688,2.885,3.67,10.5,2.9425,4.1125,3.0175,2.77,25.1,31.775,0.04625,1.985,1.195,24.5,3.9025,1.445,10.337,6.915,14.666,35.334,0.024323,49.976,37.792,16.125,5.2708,0.39246,3.1304,0.0086898,0,29.332,99.951,80.625,0.1771,1.1341,0.0054177,0,76.223,1.2052,0.19121,75.583
4728.5,0.24625,0.7975,3.7825,16.438,1.675,5.01,30.7,3.0625,11.392,1.1425,4.05,40.1,45.125,0.45625,1.515,2.995,24.5,2.2525,1.965,19.087,7.195,46.349,3.6513,0,50,35.646,8.5208,5.6667,1.3079,6.3086,0.022178,5.72E-21,92.697,100,42.604,0.0014234,39.515,0.019875,4.53E-22,78.758,2.1963,0.043476,71.292
4776.5,0.24875,0.6425,2.7325,11.938,2.865,3.35,48.7,2.2075,5.4125,2.9125,1.93,13.3,21.575,0.35125,1.525,2.105,24.5,3.9175,1.655,9.4625,3.275,19.116,30.884,18.281,31.719,15.167,18.938,2.6458,1.2902,1.7076,0.0046178,0,38.232,63.438,94.688,0.0017408,10.669,0.0042086,0,80.789,1.4824,0.010567,30.333
4824.5,0.25125,0.7675,3.2875,14.438,2.745,4.09,26.9,3.2875,5.4775,1.0075,2.59,46.7,30.275,0.30375,1.235,2.285,24.5,2.1475,2.215,30.813,5.165,42.645,7.3549,0.80632,49.194,27.813,13.229,4.0417,1.5594,3.8796,0.083898,1.01E-14,85.29,98.387,66.146,0.0014259,26.412,0.0032849,0,78.251,2.2715,0.088609,55.625
4872.5,0.25375,0.9325,3.0325,5.3125,1.645,5.31,11.5,1.4575,3.7225,2.7625,2.11,31.1,39.425,0.43375,1.215,1.725,24.5,1.6075,2.125,12.788,1.315,0.76268,49.237,40.209,9.7907,4.0625,19.833,0.89583,0.22601,0.4936,0.0058783,0,1.5254,19.581,99.167,0.00095466,11.625,0.0038692,0,68.124,0.4158,0.010702,8.125
4920.5,0.25625,0.9775,3.7975,7.4375,1.435,4.61,33.9,3.5575,11.262,3.4825,2.71,36.5,20.975,0.02375,2.745,1.295,24.5,2.1175,1.945,27.662,2.645,3.1966,46.803,6.7126,43.287,19.917,17.417,1.8958,0.13766,2.5543,0.0011319,0,6.3932,86.575,87.083,0.05416,2.3354,0.0014757,0,71.676,1.2489,0.056768,39.833
4968.5,0.25875,0.6525,1.5625,24.063,2.315,2.29,45.7,1.7575,7.3625,3.6175,1.71,16.9,29.075,0.19125,1.695,1.385,24.5,1.9675,2.465,35.188,1.035,4.1555,45.844,42.908,7.0924,4.5417,19.813,0.8125,0.95345,0.36055,0.0013955,0,8.311,14.185,99.063,0.00055648,15.798,0.00052428,0,78.502,0.44046,0.0024763,9.0833
5016.5,0.26125,0.8925,3.4075,22.688,2.815,5.35,27.1,3.1375,10.288,3.9925,4.43,11.5,33.425,0.21375,2.565,1.095,24.5,3.4225,2.405,10.163,8.245,46.465,3.5346,0,50,32.854,13.229,6.625,1.4397,3.9679,0.0022038,0,92.931,100,66.146,0.022147,6.1011,0.004429,0,80.352,2.1305,0.028779,65.708
5064.5,0.26375,0.7525,2.1475,17.438,2.535,5.81,22.7,3.7225,2.4875,1.2925,4.79,49.5,39.575,0.41125,1.935,1.675,24.5,2.8675,1.245,39.737,1.525,19.829,30.171,10.249,39.751,19.021,18.167,0.9375,1.0196,2.2547,0.030431,5.51E-07,39.657,79.503,90.833,0.00037421,52.967,0.0018444,0,61.475,1.6066,0.03265,38.042
5112.5,0.26625,0.3175,3.6475,19.313,2.505,4.65,35.1,2.0125,14.707,2.6275,2.45,20.7,21.875,0.11375,2.925,2.705,24.5,2.1625,2.155,19.612,4.535,47.613,2.3866,9.9292,40.071,14.313,18.271,3.3542,3.6874,2.2426,0.003357,0,95.227,80.142,91.354,0.0020489,17.651,0.0033202,0,73.962,2.7776,0.0087262,28.625
5160.5,0.26875,0.4125,3.2725,10.313,1.615,3.59,19.1,3.9175,13.342,1.3825,3.47,17.7,49.625,0.44375,1.715,1.275,24.5,1.1275,2.495,5.9625,2.715,41.513,8.487,15.797,34.203,19.396,19.188,1.9167,2.2374,1.8071,0.0014473,0,83.026,68.406,95.938,0.018821,5.7855,0.17808,0.0044868,70.595,1.9765,0.19835,38.792
5208.5,0.27125,0.9375,1.0225,17.313,2.635,3.55,45.9,1.1725,8.5975,3.1075,1.29,38.9,27.425,0.18125,2.825,2.325,24.5,3.8125,2.845,34.662,1.805,1.1859,48.814,33.047,16.953,7.4583,19.708,1,0.16932,0.86575,0.0018485,0,2.3719,33.906,98.542,0.00020619,41.265,0.00019973,0,55.402,0.66861,0.0022544,14.917
5256.5,0.27375,0.1675,2.1325,12.688,1.515,3.65,39.5,1.0825,8.9225,2.2975,2.13,38.3,32.975,0.00125,2.095,1.985,24.5,2.2975,1.405,19.263,13.495,41.166,8.8337,38.362,11.638,37.563,19.875,10.479,1.1107,0.5897,0.16977,5.20E-12,82.333,23.275,99.375,0.26834,0.10013,0.010463,0,77.652,0.93034,0.44858,75.125
5304.5,0.27625,0.2425,2.2375,22.188,1.065,4.03,47.3,2.4475,13.018,3.7675,3.25,48.1,39.125,0.45875,2.585,2.605,24.5,1.0525,1.685,22.413,12.935,50,0,7.6304,42.37,27.438,17.833,9.9792,1.8434,2.3973,0.0020468,0,100,84.739,89.167,0.0010569,69.236,0.16394,6.09E-18,77.149,2.0479,0.16704,54.875
5352.5,0.27875,0.2175,3.9775,15.688,2.385,3.79,38.5,2.1475,2.2275,3.9325,4.13,24.5,39.875,0.31625,1.575,1.715,24.5,2.7925,1.425,34.313,7.895,50,0,5.8061,44.194,20.208,17.708,6.1458,2.5491,2.5218,0.19233,3.59E-17,100,88.388,88.542,0.0027493,29.311,0.0054732,0,77.845,2.5097,0.20055,40.417
5400.5,0.28125,0.5925,1.4575,15.313,1.745,5.85,48.3,3.3775,6.0625,3.0325,1.37,48.5,31.925,0.48875,1.665,1.325,24.5,1.0375,1.155,38.513,14.335,47.393,2.607,0,50,30.938,11.688,11.146,1.5758,4.4577,0.0044369,0,94.786,100,58.438,0.001513,41.526,0.081643,6.48E-18,77.753,2.3254,0.087593,61.875
5448.5,0.28375,0.1925,1.9375,15.813,1.305,5.21,21.3,1.8775,14.317,3.0925,2.53,13.1,25.475,0.22125,2.135,1.785,24.5,2.9725,1.135,31.513,11.325,50,0,7.107,42.893,12.625,18.083,9.125,4.3243,2.397,0.0038023,0,100,85.786,90.417,0.001932,26.571,0.0039424,0,80.574,3.088,0.0096766,25.25
5496.5,0.28625,0.0825,2.8075,9.9375,2.775,4.57,17.7,1.6675,4.9575,2.4775,1.33,35.9,40.325,0.47375,2.475,1.965,24.5,1.8475,1.255,35.713,8.595,49.694,0.30639,12.638,37.362,11.479,19.125,6.8333,4.8478,1.9838,0.028097,1.41E-14,99.387,74.723,95.625,0.00053308,82.282,0.0064813,0,79.504,2.9049,0.035112,22.958
5544.5,0.28875,0.6575,3.8275,23.063,2.085,2.59,31.1,3.0025,7.6875,3.5875,2.67,10.3,36.875,0.48625,1.155,2.405,24.5,1.2925,2.625,29.763,6.075,45.528,4.4718,0.27512,49.725,25.125,13.75,4.9583,1.8858,3.6896,0.0032766,0,91.056,99.45,68.75,0.0011523,40.2,0.0054618,0,81.619,2.4946,0.0098908,50.25
5592.5,0.29125,0.2775,3.1375,16.188,2.215,2.49,32.7,1.1425,13.148,1.2775,3.83,48.9,21.425,0.44125,1.885,1.915,24.5,1.8925,1.815,28.188,7.825,50,0,5.1578,44.842,20.438,17.396,6.2083,2.5429,2.5983,0.16758,1.55E-17,100,89.684,86.979,0.0017581,44.897,0.010628,0,79.34,2.5391,0.17997,40.875
5640.5,0.29375,0.7075,3.6775,8.5625,1.565,5.19,39.1,1.6825,4.5025,1.4125,3.53,49.7,31.175,0.45375,2.815,2.825,24.5,2.3425,1.345,18.563,5.865,46.139,3.8607,0.14326,49.857,33.917,11.563,4.375,1.3891,4.541,0.28266,1.76E-13,92.279,99.713,57.813,0.0010724,66.981,0.033557,1.04E-19,74.595,2.1371,0.31729,67.833
5688.5,0.29625,0.8075,2.0575,29.438,1.975,2.13,24.7,2.4025,9.7675,2.9725,4.27,19.3,45.275,0.19625,1.875,1.005,24.5,2.0125,2.395,13.313,3.835,45.227,4.7728,0,50,33.625,12.979,2.75,1.3723,3.943,0.0053172,0,90.454,100,64.896,0.11715,4.9231,0.0083329,0,71.708,2.0624,0.1308,67.25
5736.5,0.29875,0.7775,3.9025,21.313,2.345,3.11,38.3,1.3225,3.6575,1.1725,2.33,15.7,29.375,0.42125,1.615,2.885,24.5,3.9325,2.175,26.787,7.965,44.627,5.3727,0,50,34.729,12.625,6.2083,1.3049,4.0902,0.45573,0.00015634,89.255,100,63.125,0.001277,52.576,0.0027916,0,77.945,2.0223,0.4598,69.458
5784.5,0.30125,0.7275,3.3025,21.188,1.405,4.01,12.9,3.7375,12.563,3.4975,1.17,15.3,37.325,0.16125,2.465,2.485,24.5,1.0975,2.065,38.338,13.355,47.818,2.1825,0,50,25.917,11.833,10.625,1.9198,4.3363,0.0018131,0,95.635,100,59.167,0.001502,37.868,0.0041911,0,79.558,2.6521,0.0075062,51.833
5832.5,0.30375,0.1825,1.5175,22.313,1.865,4.35,28.1,3.1225,10.808,1.5475,1.91,21.3,41.525,0.00625,1.265,1.845,24.5,2.8525,1.805,11.913,3.695,21.118,28.882,45.145,4.8552,19.167,19.958,2.6458,1.1287,0.24335,0.0027213,0,42.236,9.7104,99.792,0.28013,0.17377,0.0024207,0,71.606,0.66092,0.28527,38.333
5880.5,0.30625,0.1175,3.7675,8.6875,1.015,5.55,23.5,3.6475,10.092,1.4575,2.83,22.7,26.075,0.07625,1.325,1.655,24.5,3.2125,1.205,15.763,3.135,42.616,7.3837,37.128,12.871,14.188,19.771,2.6042,3.1546,0.65759,0.0035642,0,85.233,25.743,98.854,0.12128,2.6356,0.0035188,0,83.068,1.6403,0.12836,28.375
5928.5,0.30875,0.4425,1.7275,16.813,1.395,5.45,48.1,1.7875,4.6975,2.2525,1.81,45.3,29.675,0.13125,2.295,1.665,24.5,3.4375,2.035,5.6125,9.155,47.411,2.5895,6.9567,43.043,30.75,18.417,7.25,1.5767,2.3601,0.078517,7.42E-12,94.821,86.087,92.083,0.18602,2.8148,0.013407,3.11E-18,79.192,1.8573,0.27794,61.5
5976.5,0.31125,0.8225,2.6575,13.688,2.195,3.49,10.9,3.8725,6.7775,2.0125,3.43,27.7,34.025,0.07875,2.385,1.075,24.5,2.6575,2.655,33.438,5.305,45.71,4.2902,0,50,27.25,13,4.25,1.7125,3.9409,0.0050265,0,91.42,100,65,0.043408,6.7512,0.0012522,0,80.113,2.4129,0.049687,54.5
6024.5,0.31375,0.4075,3.5425,29.688,2.615,3.87,11.9,2.6875,7.5575,1.6675,4.83,29.7,27.875,0.25875,1.045,2.795,24.5,1.3975,1.825,21.188,11.605,49.915,0.085234,7.2424,42.758,15.708,17.229,9.1458,3.4042,2.5081,0.01003,0,99.83,85.515,86.146,0.0046562,16.013,0.0084533,0,78.809,2.867,0.023139,31.417
6072.5,0.31625,0.0475,3.8725,21.688,2.995,5.27,47.7,2.1325,2.3575,3.7525,2.51,19.1,45.875,0.16875,2.525,2.475,24.5,1.3225,2.725,31.338,7.475,50,0,11.682,38.318,12.083,18.729,5.8958,4.4179,2.0948,0.099829,1.18E-12,100,76.637,93.646,0.0022746,33.048,0.0036565,0,78.874,2.9038,0.10576,24.167
6120.5,0.31875,0.5575,3.6025,5.4375,2.825,5.07,25.9,3.6925,14.837,2.2075,4.37,11.1,31.475,0.15875,1.475,1.995,24.5,3.6175,1.035,14.888,5.025,44.029,5.9712,1.8702,48.13,22.646,15.771,4.1875,2.0611,3.1207,0.0020394,0,88.058,96.26,78.854,0.037478,6.9546,0.0055289,0,83.333,2.4414,0.045047,45.292
6168.5,0.32125,0.0575,3.6325,28.188,1.985,2.79,29.7,1.9975,11.132,2.6125,4.59,41.3,20.375,0.17875,1.955,1.255,24.5,2.5675,2.815,29.237,2.855,50,0,16.599,33.401,11.083,19.146,1.875,4.8378,1.7858,0.0045942,0,100,66.801,95.729,0.0073204,12.823,0.0015686,0,65.674,2.7927,0.013483,22.167
6216.5,0.32375,0.9425,1.4425,28.938,1.155,4.71,20.5,1.4275,6.1925,3.8125,2.25,34.7,30.125,0.09625,1.585,2.125,24.5,2.5075,2.695,22.938,1.595,1.9509,48.049,22.177,27.823,10.042,19.292,0.97917,0.19386,1.467,0.0021268,0,3.9017,55.646,96.458,0.0024235,7.4359,0.00054464,0,61.39,1.009,0.0050949,20.083
6264.5,0.32625,0.0075,1.3975,23.313,1.835,3.57,29.9,1.1875,10.027,2.6875,4.61,34.9,22.325,0.46375,2.425,1.205,24.5,2.7475,1.195,11.563,13.075,50,0,43.81,6.1899,14.688,19.896,10.042,3.5428,0.3125,0.0090179,0,100,12.38,99.479,0.012803,15.669,0.11468,0.037851,76.801,1.6366,0.1365,29.375
6312.5,0.32875,0.3025,1.5775,5.6875,1.215,4.29,18.3,2.6125,7.2975,1.5175,1.57,30.7,28.925,0.25375,2.685,2.985,24.5,3.0025,2.305,37.813,8.525,49.97,0.029961,3.1986,46.801,13.438,16.896,6.8542,4.0463,2.8137,0.012517,1.01E-20,99.94,93.603,84.479,0.00087685,76.901,0.0014412,0,80.401,3.2468,0.014835,26.875
6360.5,0.33125,0.1625,2.7625,11.188,1.945,5.59,43.1,3.8125,14.122,3.6325,1.97,45.1,28.325,0.00875,2.505,2.335,24.5,3.4975,1.215,36.063,4.675,38.997,11.003,39.462,10.538,17.125,19.896,3.5208,2.4719,0.53272,0.00090138,0,77.995,21.077,99.479,0.18288,1.8457,0.0011895,0,75.312,1.3691,0.18497,34.25
6408.5,0.33375,0.0175,2.5075,10.563,1.195,5.09,26.3,1.7725,11.002,2.0275,4.99,24.9,41.225,0.19875,1.115,2.265,24.5,3.8425,2.375,26.088,4.885,50,0,29.245,20.754,13.896,19.5,3.6042,3.7973,1.0799,0.011935,9.66E-22,100,41.509,97.5,0.022044,13.094,0.0017916,0,73.78,2.1451,0.035771,27.792
6456.5,0.33625,0.8875,2.9875,27.813,2.965,2.09,25.3,1.6075,13.538,1.1875,4.57,47.9,46.175,0.03375,1.455,2.575,24.5,1.9075,2.095,25.737,7.405,18.113,31.887,1.1366,48.863,39.563,13.625,5.75,0.46137,3.7573,0.11679,2.44E-17,36.226,97.727,68.125,0.23309,3.2545,0.0050582,0,77.65,1.2667,0.35494,79.125
6504.5,0.33875,0.6375,2.2525,13.313,2.735,4.41,22.1,1.6525,3.3325,3.6925,4.63,33.9,33.725,0.36625,2.575,1.135,24.5,3.0175,1.785,8.7625,5.585,47.626,2.3745,0,50,34.958,12.563,4.3333,1.3713,4.1573,0.092949,1.17E-16,95.251,100,62.813,0.085211,9.3795,0.045528,4.42E-19,77.589,2.0689,0.22369,69.917
6552.5,0.34125,0.9975,2.5675,18.563,1.805,2.93,41.5,1.2475,11.652,3.3475,3.95,28.1,29.525,0.17375,2.435,1.245,24.5,3.2875,1.305,37.987,2.015,2.7343,47.266,4.3122,45.688,24.688,14.125,1.5,0.08828,3.5203,0.003343,0,5.4686,91.376,70.625,0.0022604,20.009,0.0012561,0,74.442,1.2724,0.0068594,49.375
6600.5,0.34375,0.2275,3.2275,16.063,2.495,4.95,18.1,2.5825,3.5925,3.8575,1.89,37.3,26.975,0.01625,2.535,1.315,24.5,3.3475,1.175,36.588,6.355,42.181,7.8193,29.669,20.331,20.771,19.688,5.1458,2.1841,1.047,0.0067048,0,84.361,40.663,98.438,0.22821,1.9819,0.0016234,0,80.973,1.5941,0.23654,41.542
6648.5,0.34625,0.8325,1.2325,6.3125,2.855,2.47,49.1,1.2625,8.1425,3.8725,3.57,45.7,36.575,0.27125,2.625,2.345,24.5,2.2825,1.895,9.6375,11.115,45.668,4.3316,0,50,37.729,8.0417,8.6458,1.2161,6.7183,0.0093833,0,91.337,100,40.208,0.02706,16.092,0.051117,4.29E-20,77.785,2.1017,0.087561,75.458
6696.5,0.34875,0.6825,1.1875,15.938,2.225,5.33,15.5,3.3475,2.0975,3.8425,1.85,20.9,34.475,0.18375,2.735,1.055,24.5,1.6225,1.585,15.938,2.225,9.4282,40.572,30.471,19.529,8.0417,19.521,1.7917,1.1897,1.0123,0.003069,0,18.856,39.059,97.604,0.0031249,8.45,0.002623,0,80.524,1.0018,0.0088169,16.083
6744.5,0.35125,0.4775,2.8975,9.3125,1.105,2.07,21.7,2.8525,10.548,2.7775,4.65,10.7,38.525,0.13625,2.345,2.695,24.5,1.9375,1.375,33.263,2.575,47.981,2.0187,3.4471,46.553,16.396,16.167,1.875,3.1754,2.9814,0.0025679,0,95.963,93.106,80.833,0.0022659,28.641,0.0028836,0,72.816,2.9704,0.0077173,32.792
6792.5,0.35375,0.0975,2.5225,5.5625,2.075,5.47,20.7,3.8275,10.158,2.4025,1.13,12.3,44.675,0.11875,1.835,2.625,24.5,1.7275,2.795,17.337,13.285,49.951,0.049304,9.5118,40.488,11.417,18.854,10.354,4.7138,2.1815,0.0026428,0,99.901,80.976,94.271,0.026431,9.9171,0.003425,0,77.939,3.0438,0.032499,22.833
6840.5,0.35625,0.4525,1.8175,18.438,1.965,2.51,43.5,2.5075,2.9425,2.0575,4.73,14.5,42.275,0.11125,1.595,2.445,24.5,3.6625,2.045,16.638,8.875,49.104,0.89616,6.3596,43.64,27.854,17.021,7.0625,1.7917,2.5998,0.17448,6.18E-05,98.208,87.281,85.104,0.12652,7.2182,0.0030925,0,79.577,2.0802,0.30409,55.708
6888.5,0.35875,0.7375,3.9475,13.813,2.175,3.85,42.1,1.0075,11.913,1.6375,4.25,11.7,22.025,0.36875,2.105,2.355,24.5,3.6775,2.715,22.237,11.745,44.361,5.6395,0,50,29.271,12,9.3333,1.5388,4.3078,0.029985,3.96E-17,88.721,100,60,0.0019515,40.65,0.0018187,0,79.466,2.3182,0.033755,58.542
6936.5,0.36125,0.8775,3.4225,13.063,1.505,4.21,22.9,3.9475,7.9475,1.7275,1.63,20.5,30.875,0.41375,2.375,1.765,24.5,2.2375,2.425,23.638,13.425,47.557,2.443,0,50,34.938,7.7917,10.667,1.3713,6.8632,0.0063844,0,95.114,100,38.958,0.0027002,40.997,0.0045738,0,79.454,2.3001,0.013658,69.875
6984.5,0.36375,0.6325,3.3325,26.688,2.395,3.31,42.5,1.6375,6.1275,2.9425,2.93,39.9,35.375,0.09875,1.825,2.965,24.5,1.6375,1.395,27.313,8.035,47.461,2.5387,0,50,33,10.313,6.2917,1.4686,5.1137,0.039334,7.07E-20,94.923,100,51.563,0.042033,14.594,0.0078346,0,78.303,2.2831,0.089203,66
7032.5,0.36625,0.5875,1.0075,9.6875,1.815,2.43,28.3,3.7525,12.107,3.9475,3.17,18.5,38.975,0.38375,2.195,2.515,24.5,2.8975,1.535,28.013,5.795,47.846,2.1536,0,50,27.771,10.417,4.5417,1.8308,5.1198,0.0017494,0,95.693,100,52.083,0.001837,59.343,0.0042885,0,78.372,2.6431,0.0078749,55.542
7080.5,0.36875,0.5275,2.4175,24.813,1.165,4.13,18.9,3.4225,9.3125,3.7825,1.67,34.1,37.025,0.47625,1.805,1.305,24.5,1.2475,2.415,34.487,9.015,47.991,2.0094,0.51151,49.488,21.667,13.729,7.0208,2.4002,3.697,0.0021441,0,95.981,98.977,68.646,0.0023779,38.689,0.0050849,0,77.879,2.8403,0.009607,43.333
7128.5,0.37125,0.0325,3.1075,17.688,1.755,3.93,23.1,2.7025,4.3075,1.0975,3.39,27.1,33.875,0.43125,2.805,1.345,24.5,2.8825,2.545,23.288,2.295,45.172,4.8277,41.484,8.5158,9,19.896,1.75,5.8221,0.43148,0.034427,0.0021604,90.345,17.032,99.479,0.0013502,37.889,0.0015148,0,76.253,1.879,0.037292,18
7176.5,0.37375,0.5625,3.0025,12.563,1.085,5.91,16.1,2.7325,2.6175,3.2725,1.19,35.7,23.675,0.29875,1.255,1.435,24.5,2.0575,2.755,29.063,13.845,47.445,2.5548,0.083589,49.916,24.979,13.125,10.667,1.9564,3.9431,0.022618,3.47E-19,94.89,99.833,65.625,0.010596,15.636,0.0023044,0,77.043,2.6013,0.035519,49.958
7224.5,0.37625,0.0025,3.9925,13.563,2.845,4.75,39.7,2.8825,11.783,1.0225,3.31,46.1,28.025,0.40125,2.275,1.555,24.5,2.3575,2.055,14.538,13.915,50,0,47.305,2.6954,15.542,19.875,10.917,3.3524,0.13602,0.012211,1.13E-21,100,5.3908,99.375,0.0090642,20.636,0.009389,9.41E-25,78.453,1.4993,0.030665,31.083
7272.5,0.37875,0.5775,1.3375,6.9375,2.145,5.13,30.5,2.3275,3.5275,1.2025,4.97,48.7,24.125,0.07125,2.975,1.235,24.5,1.4425,2.935,35.013,2.085,31.717,18.283,11.527,38.473,17.25,17.604,1.7708,1.8495,2.2685,0.10387,0.0001698,63.434,76.947,88.021,0.017728,9.1656,0.0013637,0,84.932,1.9775,0.12296,34.5
7320.5,0.38125,0.8825,2.7175,20.813,2.375,4.49,39.3,3.1525,2.1625,3.0775,1.55,17.9,22.175,0.04375,2.985,1.885,24.5,3.1375,1.465,7.0125,1.385,1.4912,48.509,39.41,10.59,4.4583,19.771,0.9375,0.38004,0.53777,0.0022489,0,2.9824,21.18,98.854,0.05444,1.7263,0.0016722,0,67.69,0.47163,0.058361,8.9167
7368.5,0.38375,0.4825,1.4875,26.188,1.575,5.87,49.9,2.1025,5.8675,3.9025,2.03,33.5,42.725,0.22375,1.755,2.065,24.5,1.7875,2.575,12.438,2.995,32.565,17.435,19.578,30.422,14.438,19.396,1.875,2.4303,1.5878,0.0019187,0,65.13,60.844,96.979,0.0040392,10.085,0.002152,0,62.604,1.8996,0.0081099,28.875
7416.5,0.38625,0.0275,2.0125,9.1875,1.925,4.17,15.7,3.9025,11.717,3.9625,3.65,37.1,43.175,0.38625,2.035,2.585,24.5,2.9575,2.925,31.688,8.385,50,0,20.321,29.679,9.7917,18.958,6.6875,5.7026,1.6492,0.0013938,0,100,59.357,94.792,0.0015834,64.385,0.0015356,0,79.756,2.8502,0.0045129,19.583
7464.5,0.38875,0.3975,2.5525,17.813,2.095,5.97,28.5,2.5675,12.628,1.4275,1.23,27.3,34.775,0.21625,2.915,1.495,24.5,1.1425,1.015,24.688,2.365,10.294,39.706,43.641,6.3586,4.9792,19.896,1.7917,2.2772,0.32046,0.0011969,0,20.588,12.717,99.479,0.0010546,23.265,0.002694,0,75.758,0.64393,0.0049455,9.9583
7512.5,0.39125,0.3225,1.2775,25.188,2.125,2.23,42.3,3.8875,12.758,3.9775,3.15,21.5,35.675,0.23875,2.235,1.835,24.5,2.4925,2.235,13.138,2.435,44.013,5.9872,16.298,33.702,11.042,18.833,1.8333,4.415,1.8334,0.00067005,0,88.026,67.403,94.167,0.0052276,12.864,0.0024279,0,75.291,2.6806,0.0083256,22.083
7560.5,0.39375,0.4275,1.7125,12.813,1.545,4.97,20.9,1.9375,10.483,3.1825,1.03,48.3,20.225,0.39875,1.125,2.155,24.5,2.8375,2.515,10.688,14.545,49.985,0.014581,2.84,47.16,17.375,16.75,11.313,2.9797,2.868,0.0037714,0,99.971,94.32,83.75,0.057123,10.332,0.005902,0,77.776,2.8799,0.066796,34.75
7608.5,0.39625,0.9525,3.6625,5.9375,1.765,3.43,27.5,1.5025,13.602,1.8175,4.03,18.3,28.625,0.23375,1.975,2.305,24.5,1.2025,2.805,7.8875,4.395,38.231,11.768,0,50,34.938,10.521,3.4583,1.1131,4.9554,0.0060547,0,76.463,100,52.604,0.11264,8.3932,0.058027,3.02E-16,78.688,1.9622,0.17673,69.875
7656.5,0.39875,0.9625,2.1925,10.188,2.655,5.05,10.7,1.6225,9.6375,2.1475,3.93,26.5,21.275,0.22625,1.335,2.895,24.5,3.4525,1.325,24.163,12.235,48.305,1.695,0,50,30.083,11.771,9.7292,1.6753,4.4491,0.0058107,0,96.61,100,58.854,0.0042505,21.128,0.0022505,0,79.519,2.4137,0.012312,60.167
7704.5,0.40125,0.5525,2.6875,9.4375,2.875,2.61,49.3,3.1975,7.8175,3.3325,3.59,49.1,34.925,0.35875,2.365,2.465,24.5,3.2275,2.025,11.038,3.625,47.036,2.9642,0.43525,49.565,21.604,13.188,2.6042,2.2844,3.9245,0.0026403,0,94.072,99.13,65.938,0.0051,23.084,0.0051413,0,71.839,2.8444,0.012882,43.208
7752.5,0.40375,0.5175,2.9725,24.313,2.925,5.99,29.3,2.9125,13.862,2.4325,1.07,42.7,34.325,0.41625,2.045,2.385,24.5,1.4575,2.505,32.388,6.635,36.412,13.588,11.606,38.394,14.063,18.521,5.2917,2.7417,2.1116,0.0011064,0,72.823,76.787,92.604,0.00078161,65.753,0.0016209,0,79.754,2.319,0.003509,28.125
7800.5,0.40625,0.4575,1.8625,6.8125,2.525,2.19,13.9,1.9525,14.383,2.0425,4.91,27.9,44.225,0.45125,1.105,1.695,24.5,1.9825,1.185,25.912,14.755,48.322,1.6777,7.5063,42.494,20.583,16.021,11.396,2.5597,2.6866,0.0045311,0,96.645,84.987,80.104,0.0075852,21.901,0.01024,0,77.234,2.5279,0.022356,41.167
7848.5,0.40875,0.0425,2.1775,14.563,2.935,2.03,20.3,3.6025,11.457,3.7975,2.55,26.7,24.875,0.26375,1.845,2.255,24.5,2.5825,1.515,13.487,12.445,50,0,10.342,39.658,13.708,18.146,9.3958,3.8082,2.2521,0.0017592,0,100,79.317,90.729,0.046784,14.8,0.010349,1.14E-23,75.499,2.8665,0.058892,27.417
7896.5,0.41125,0.7625,2.6725,10.688,1.655,3.51,17.9,3.1825,7.1675,1.3075,1.87,18.9,43.925,0.49125,2.065,2.025,24.5,1.4125,1.635,16.462,12.515,47.129,2.8713,0,50,31.917,9.4167,10,1.5009,5.6372,0.0074434,0,94.257,100,47.083,0.0045772,33.818,0.076087,1.11E-18,79.904,2.3803,0.088107,63.833
7944.5,0.41375,0.5725,2.4325,26.813,2.305,5.89,37.7,2.4775,3.9175,1.6825,4.01,37.9,44.075,0.35375,2.285,1.395,24.5,1.6675,1.525,38.862,14.475,46.837,3.1634,0.066372,49.934,36.354,10.667,11.479,1.2891,4.8628,0.13221,2.10E-18,93.673,99.867,53.333,0.0039842,43.822,0.0054431,0,79.303,2.0621,0.14164,72.708
7992.5,0.41625,0.8625,1.6975,27.313,1.875,4.69,13.5,1.9075,11.327,1.8025,3.35,29.9,34.175,0.46625,1.145,1.225,24.5,2.0275,1.565,6.6625,1.945,26.805,23.195,0.30921,49.691,19.667,17.021,1,1.4091,2.9539,0.002144,0,53.609,99.382,85.104,0.048827,4.3571,0.01236,1.32E-14,51.414,2.1058,0.063331,39.333
8040.5,0.41875,0.1375,1.7875,23.438,1.795,2.27,22.5,1.8325,5.6075,1.4875,1.79,34.5,41.375,0.06625,2.635,2.925,24.5,2.0725,1.765,18.212,14.405,49.797,0.20277,7.0933,42.907,23.729,18.292,11.313,2.1576,2.3691,0.17303,4.05E-05,99.594,85.813,91.458,0.16122,9.2996,0.005957,0,78.532,2.232,0.3402,47.458
8088.5,0.42125,0.1125,1.6525,21.563,1.385,2.69,19.5,1.8175,6.5175,1.2175,4.39,36.3,49.775,0.06375,2.185,2.645,24.5,2.9425,1.715,21.712,4.325,49.994,0.0062495,10.077,39.923,19.229,18.667,3.3542,2.8517,2.1759,0.14583,0.00025918,99.987,79.845,93.333,0.15961,7.9996,0.0027632,0,77.553,2.4216,0.3082,38.458
8136.5,0.42375,0.7575,2.7475,15.438,1.335,2.63,23.7,3.4375,12.822,1.0525,4.19,11.3,26.225,0.13875,2.785,2.185,24.5,2.3275,2.005,36.237,12.095,44.4,5.6004,0,50,29.833,10.958,9.1667,1.5245,4.7522,0.0044197,0,88.799,100,54.792,0.0038004,30.596,0.0014447,0,75.789,2.3542,0.0096649,59.667
8184.5,0.42625,0.4025,3.5275,18.063,2.425,2.91,20.1,1.4125,7.4925,2.9275,3.27,33.7,32.525,0.10125,1.495,1.215,24.5,3.4075,2.525,37.287,1.175,20.87,29.13,34.905,15.095,7.8333,19.708,0.8125,3.0726,0.77612,0.0025869,0,41.739,30.19,98.542,0.0091653,6.8577,0.00029507,0,69.149,1.2358,0.012047,15.667
8232.5,0.42875,0.4675,1.0975,27.438,1.555,3.07,31.9,2.5525,13.928,2.2675,2.07,32.9,24.275,0.20625,1.645,1.905,24.5,1.0825,2.705,22.763,4.115,45.958,4.0419,7.4349,42.565,14.104,17.729,3.2292,3.4927,2.4566,0.0015993,0,91.916,85.13,88.646,0.0060253,14.712,0.0025,0,78.473,2.8517,0.010125,28.208
8280.5,0.43125,0.1525,3.8125,25.938,2.435,3.75,35.3,1.5625,5.7375,1.5775,4.89,40.9,25.325,0.37375,2.715,2.675,24.5,2.5375,2.775,17.163,12.165,50,0,10.309,39.691,15,18.188,9.75,3.4187,2.2021,0.14858,3.10E-18,100,79.382,90.938,0.0040509,46.586,0.004108,0,80.148,2.719,0.15674,30
8328.5,0.43375,0.7925,2.5375,10.438,2.895,5.77,16.3,1.3825,6.7125,2.2375,2.43,38.1,30.725,0.34625,2.495,2.955,24.5,3.0325,2.735,30.463,14.265,45.464,4.5365,0,50,32.167,9.375,11.229,1.432,5.624,0.024141,8.19E-20,90.927,100,46.875,0.0016949,77.765,0.0013647,0,78.718,2.3248,0.0272,64.333
8376.5,0.43625,0.4175,2.5975,11.313,1.905,3.99,34.1,3.3925,8.5325,1.5625,2.27,42.3,39.725,0.33375,1.395,2.905,24.5,3.8275,2.205,16.288,8.735,49.899,0.10055,3.4492,46.551,17.521,15.771,6.7708,2.9593,2.992,0.0064197,0,99.799,93.102,78.854,0.01534,22.029,0.0029607,0,77.514,2.932,0.02472,35.042
8424.5,0.43875,0.6775,2.0875,22.938,1.145,2.35,34.9,1.7125,7.1025,3.1225,3.49,25.5,38.225,0.05375,1.745,2.455,24.5,1.3525,2.115,38.688,3.415,46.045,3.9553,0.74604,49.254,24.229,13.792,2.6667,1.9649,3.7073,0.0048007,0,92.089,98.508,68.958,0.07873,8.9083,0.0017332,0,78.087,2.5579,0.085264,48.458
8472.5,0.44125,0.1725,1.2025,19.688,1.025,3.73,37.9,3.4825,6.5825,1.2325,4.77,12.5,23.975,0.01375,2.075,2.235,24.5,2.9875,2.635,9.9875,8.945,44.947,5.0532,31.948,18.052,30.75,19.771,7.0625,1.5368,0.9211,0.0092791,0,89.894,36.103,98.854,0.41214,0.63688,0.002868,0,78.955,1.284,0.42429,61.5
8520.5,0.44375,0.4725,1.1425,29.938,1.665,4.77,49.5,2.7775,14.253,3.0625,3.41,28.5,49.925,0.41875,1.915,1.685,24.5,2.6725,2.675,7.5375,6.565,49.298,0.70206,2.8224,47.178,26.479,15.542,5.2083,1.9485,3.0987,0.0021097,0,98.596,94.355,77.708,0.14491,10.185,0.01643,1.31E-21,79.335,2.3446,0.16345,52.958
8568.5,0.44625,0.4475,1.8475,18.313,2.905,3.09,40.3,2.9275,7.8825,2.7325,1.53,16.5,47.225,0.10625,1.795,2.245,24.5,2.1325,1.865,6.3125,7.755,42.658,7.3416,13.222,36.778,27.042,18.958,6.125,1.639,1.9643,0.0025289,0,85.317,73.556,94.792,0.29116,2.7028,0.0097737,4.73E-21,78.981,1.7534,0.30346,54.083
8616.5,0.44875,0.9875,2.4775,28.313,1.445,5.73,33.1,1.0225,12.303,3.3775,4.95,36.9,44.375,0.42375,2.665,2.525,24.5,1.1575,2.365,9.1125,9.085,40.666,9.3339,0,50,39.479,7.1042,7.1875,1.0337,8.0556,0.0028036,0,81.332,100,35.521,0.012644,25.984,0.14469,1.07E-16,79.114,1.9536,0.16013,78.958
8664.5,0.45125,0.2825,2.6125,22.563,1.135,3.71,32.9,2.1175,4.8925,1.0375,2.09,14.3,42.575,0.32125,1.925,1.795,24.5,3.8725,1.365,20.837,4.605,49.78,0.22047,5.4207,44.579,11.5,17.771,3.5833,5.2493,2.5543,0.059253,4.01E-14,99.559,89.158,88.854,0.004382,23.13,0.0018919,0,77.814,3.294,0.065527,23
8712.5,0.45375,0.5075,2.2225,22.063,2.135,2.11,43.3,3.3175,14.447,3.8875,1.51,14.9,21.725,0.27375,1.225,2.665,24.5,3.2425,1.315,13.837,12.305,48.511,1.4889,1.295,48.705,24.333,13.938,9.6667,2.099,3.6192,0.0012436,0,97.022,97.41,69.688,0.090369,12.366,0.0062202,0,78.559,2.6,0.097833,48.667
8760.5,0.45625,0.3575,3.3625,16.313,2.685,5.23,21.9,2.1625,7.0375,2.3875,2.29,27.5,33.275,0.28375,1.415,2.865,24.5,1.5175,2.015,39.563,8.455,50,0,3.1959,46.804,13.354,15.646,6.8125,4.0069,3.0307,0.0078409,0,100,93.608,78.229,0.0040245,45.509,0.002817,0,80.574,3.3994,0.014682,26.708
8808.5,0.45875,0.5425,2.6275,16.688,2.625,3.23,48.5,2.5225,14.903,3.1675,1.01,14.1,45.575,0.13375,1.625,1.755,24.5,2.0875,2.165,20.138,12.025,47.97,2.0305,0.28036,49.72,20.854,15.333,9.6875,2.4494,3.3028,0.0014268,0,95.939,99.439,76.667,0.12886,7.6812,0.0022058,0,80.561,2.7562,0.13249,41.708
8856.5,0.46125,0.9075,1.9225,14.688,2.065,3.77,49.7,2.2825,5.6725,2.1775,2.63,17.5,35.825,0.34125,1.315,2.725,24.5,2.4325,2.285,10.512,9.925,47.52,2.4797,0,50,35,9.6875,7.7292,1.3636,5.3809,0.010526,1.09E-22,95.041,100,48.438,0.081866,12.855,0.0067949,0,77.876,2.1939,0.099187,70
8904.5,0.46375,0.7025,2.8225,20.188,2.645,4.55,18.5,2.2225,8.0125,2.2225,2.23,23.3,35.975,0.32375,1.015,1.045,24.5,1.1875,2.905,31.862,11.255,47.002,2.9984,0,50,34.458,11.771,8.375,1.3754,4.3716,0.0063989,0,94.003,100,58.854,0.11946,10.941,0.0031763,0,74.411,2.1093,0.12904,68.917
8952.5,0.46625,0.9675,3.6925,6.5625,1.355,3.13,44.1,1.0525,13.277,1.9675,2.49,26.3,22.475,0.43625,2.875,2.655,24.5,2.3725,2.105,5.0875,9.575,48.001,1.9993,0,50,36.146,8,7.7708,1.3434,6.8938,0.0048539,0,96.001,100,40,0.065109,16.941,0.1429,4.39E-16,81.158,2.2395,0.21287,72.292
9000.5,0.46875,0.8275,3.5875,24.438,2.015,5.95,46.3,2.0725,9.9625,1.3675,1.47,40.5,43.625,0.37875,2.705,1.525,24.5,1.4875,1.075,7.3625,5.725,38.886,11.114,0.98039,49.02,18.646,14.688,4.375,2.1543,3.426,0.0023172,0,77.772,98.039,73.438,0.0098477,11.503,0.065212,6.19E-09,76.419,2.6827,0.077377,37.292
9048.5,0.47125,0.2125,3.2575,23.938,2.295,2.05,11.3,2.7625,11.978,1.6525,3.77,44.9,28.775,0.48125,2.775,1.335,24.5,1.9525,2.335,6.4875,4.955,50,0,4.3076,45.692,12.979,17.104,3.6458,4.0863,2.7,0.0026454,0,100,91.385,85.521,0.081663,11.566,0.055138,3.30E-08,73.579,3.2253,0.13945,25.958
9096.5,0.47375,0.0375,3.4825,11.688,1.535,5.83,26.5,1.8475,4.0475,1.1275,2.61,34.3,31.025,0.27875,2.265,1.875,24.5,3.1975,2.885,18.913,9.855,50,0,12.224,37.776,14.313,18.646,7.5833,3.6935,2.0719,0.20902,0.015859,100,75.552,93.229,0.025363,22.389,0.00183,0,76.949,2.6987,0.23621,28.625
9144.5,0.47625,0.9725,1.8925,21.063,1.885,2.53,36.9,3.5725,6.2575,2.8675,3.71,35.5,25.175,0.10375,1.635,2.555,24.5,3.7225,1.955,29.588,14.615,45.085,4.9152,0,50,38.604,7.6667,11.229,1.1747,7.114,0.0041326,0,90.169,100,38.333,0.13033,12.824,0.0013785,0,76.833,2.0684,0.13584,77.208
9192.5,0.47875,0.9025,3.9625,7.5625,2.055,3.15,33.7,1.2925,3.0725,2.8375,1.05,39.1,25.625,0.06875,2.325,2.495,24.5,1.3075,1.475,23.987,13.215,48.54,1.4603,0,50,33.646,11.708,10.417,1.4685,4.4776,0.10228,1.32E-12,97.079,100,58.542,0.11622,9.5665,0.0042019,0,78.825,2.1945,0.22271,67.292
9240.5,0.48125,0.5375,1.3525,7.8125,1.625,5.29,41.7,3.9625,9.0525,1.3525,4.23,20.1,41.975,0.24375,2.905,2.685,24.5,3.2575,1.625,14.712,3.975,47.205,2.7951,0.49836,49.502,21.458,12,2.8333,2.3384,4.3212,0.0038193,0,94.41,99.003,60,0.0072847,27.972,0.0032502,0,71.279,2.9663,0.014354,42.917
9288.5,0.48375,0.8575,1.5925,20.063,1.685,4.25,28.9,2.4325,10.873,1.4725,2.17,22.1,43.025,0.37125,2.165,2.175,24.5,1.2775,1.845,30.638,2.505,20.213,29.787,5.6885,44.312,15.521,16.521,1.7917,1.2201,2.8108,0.0015519,0,40.426,88.623,82.604,0.0010339,53.56,0.0013871,0,71.524,2.0298,0.0039729,31.042
9336.5,0.48625,0.2925,1.2475,12.188,2.755,3.91,16.7,1.2025,4.4375,3.6775,1.45,16.3,32.075,0.01125,1.655,2.945,24.5,3.7525,1.065,30.287,14.825,46.705,3.2949,20.77,29.23,33.125,19.542,11.5,1.4453,1.5079,0.029889,4.89E-12,93.41,58.461,97.708,0.41635,1.6607,0.001713,0,77.572,1.4634,0.44795,66.25
9384.5,0.48875,0.5975,1.3225,29.313,1.375,2.81,26.7,3.5125,12.692,1.2475,2.21,30.1,48.425,0.39375,1.025,2.595,24.5,2.1925,1.335,9.8125,14.685,46.563,3.4371,0,50,37,12.917,11.771,1.2633,3.9902,0.002543,0,93.126,100,64.583,0.20949,10.277,0.11213,1.60E-17,80.155,1.9408,0.32416,74
9432.5,0.49125,0.5675,2.6425,12.438,2.465,2.15,42.9,3.0175,8.2725,1.7125,4.21,49.9,42.125,0.12125,2.605,1.545,24.5,1.7575,1.695,7.1875,12.795,25.268,24.732,17.059,32.941,41.917,18.896,9.8125,0.6038,1.7576,0.0036036,0,50.537,65.882,94.479,0.35862,3.5075,0.09342,1.45E-17,76.69,0.95961,0.45564,83.833
9480.5,0.49375,0.3125,3.1825,19.188,1.475,2.31,31.7,3.2575,11.587,1.7575,1.35,40.7,23.525,0.10875,1.685,1.115,24.5,1.8625,2.145,14.362,9.785,47.47,2.53,13.988,36.012,25.708,19.188,7.7292,1.8963,1.8991,0.0023689,0,94.94,72.024,95.938,0.3457,2.9345,0.0031548,0,78.99,1.8803,0.35122,51.417
9528.5,0.49625,0.7425,2.4925,26.438,1.205,4.39,30.3,3.4675,14.577,1.2625,2.87,28.7,33.125,0.32625,1.005,1.595,24.5,1.5025,1.045,22.063,7.125,47.244,2.7561,0,50,32.583,11,5.625,1.4733,4.687,0.0030171,0,94.488,100,55,0.15223,11.538,0.023548,4.59E-20,78.947,2.25,0.17879,65.167
9576.5,0.49875,0.3525,1.2925,20.688,1.115,3.03,31.3,2.5975,5.9975,2.6425,3.69,31.7,37.175,0.21875,1.895,2.845,24.5,2.2225,2.665,18.388,12.585,50,0,8.1742,41.826,22.771,17,9.9792,2.2623,2.4941,0.0065868,0,100,83.652,85,0.044941,21.685,0.00287,0,79.294,2.3289,0.054398,45.542
